tau_elig_ms,delay_ms,observed_credit,theory_credit,absolute_error
25,0,1.0,1.0,0.0
25,1,0.9607894391523232,0.9607894391523232,0.0
25,5,0.8187307530779817,0.8187307530779818,1.1102230246251565e-16
25,10,0.670320046035639,0.6703200460356393,3.3306690738754696e-16
25,25,0.367879441171442,0.36787944117144233,3.3306690738754696e-16
25,50,0.13533528323661248,0.1353352832366127,2.220446049250313e-16
25,100,0.018315638888734127,0.01831563888873418,5.204170427930421e-17
25,200,0.00033546262790250985,0.00033546262790251185,2.0057740190981832e-18
25,300,6.144212353328154e-06,6.14421235332821e-06,5.590417451878382e-20
25,400,1.1253517471925775e-07,1.1253517471925912e-07,1.3631936494873896e-21
25,499,2.1452708974996885e-09,2.145270897499719e-09,3.0605682664462024e-23
25,500,2.061153622438527e-09,2.061153622438558e-09,3.101927297073854e-23
25,750,9.357622968839954e-14,9.357622968840175e-14,2.208810534618833e-27
25,1000,4.2483542552914556e-18,4.248354255291589e-18,1.3327435215159672e-31
25,2000,1.8048513878452956e-35,1.8048513878454153e-35,1.1973985901213036e-48
500,0,1.0,1.0,0.0
500,1,0.9980019986673331,0.9980019986673331,0.0
500,5,0.9900498337491681,0.9900498337491681,0.0
500,10,0.9801986733067555,0.9801986733067553,2.220446049250313e-16
500,25,0.9512294245007145,0.951229424500714,4.440892098500626e-16
500,50,0.9048374180359601,0.9048374180359595,5.551115123125783e-16
500,100,0.8187307530779827,0.8187307530779818,8.881784197001252e-16
500,200,0.6703200460356405,0.6703200460356393,1.2212453270876722e-15
500,300,0.5488116360940284,0.5488116360940265,1.887379141862766e-15
500,400,0.4493289641172235,0.44932896411722156,1.942890293094024e-15
500,499,0.3686159363034208,0.3686159363034188,1.9984014443252818e-15
500,500,0.36787944117144433,0.36787944117144233,1.9984014443252818e-15
500,750,0.22313016014843168,0.22313016014842982,1.8596235662471372e-15
500,1000,0.13533528323661406,0.1353352832366127,1.3600232051658168e-15
500,2000,0.01831563888873458,0.01831563888873418,4.0245584642661925e-16
1000,0,1.0,1.0,0.0
1000,1,0.999000499833375,0.999000499833375,0.0
1000,5,0.9950124791926823,0.9950124791926823,0.0
1000,10,0.9900498337491682,0.9900498337491681,1.1102230246251565e-16
1000,25,0.9753099120283332,0.9753099120283326,5.551115123125783e-16
1000,50,0.951229424500715,0.951229424500714,9.992007221626409e-16
1000,100,0.9048374180359623,0.9048374180359595,2.7755575615628914e-15
1000,200,0.818730753077987,0.8187307530779818,5.218048215738236e-15
1000,300,0.7408182206817248,0.7408182206817179,6.8833827526759706e-15
1000,400,0.6703200460356474,0.6703200460356393,8.104628079763643e-15
1000,499,0.6071374937387991,0.6071374937387897,9.43689570931383e-15
1000,500,0.6065306597126429,0.6065306597126334,9.43689570931383e-15
1000,750,0.47236655274102635,0.4723665527410147,1.1657341758564144e-14
1000,1000,0.36787944117145377,0.36787944117144233,1.1435297153639112e-14
1000,2000,0.13533528323662083,0.1353352832366127,8.132383655379272e-15
